{"cameraMode":{"drawMode":0,"name":"Shaded","section":"Shading Mode"},"sceneLighting":true,"audioPlay":false,"sceneViewState":{"showFog":true,"showMaterialUpdate":false,"showSkybox":true,"showFlares":true,"showImageEffects":true,"showParticleSystems":true},"in2DMode":false,"pivot":{"x":-2.4106054306030275,"y":0.6237697601318359,"z":0.8229050636291504},"rotation":{"x":0.05537975952029228,"y":0.057777442038059238,"z":-0.0032103247940540315,"w":0.9968070387840271},"size":8.009064674377442,"orthographic":false}