{"cameraMode":{"drawMode":0,"name":"Shaded","section":"Shading Mode"},"sceneLighting":true,"audioPlay":false,"sceneViewState":{"showFog":true,"showMaterialUpdate":false,"showSkybox":true,"showFlares":true,"showImageEffects":true,"showParticleSystems":true},"in2DMode":false,"pivot":{"x":110.49641418457031,"y":-4.516145706176758,"z":-0.5214205980300903},"rotation":{"x":-0.05728774145245552,"y":0.5561720132827759,"z":0.03837059810757637,"w":0.8283082246780396},"size":0.15956497192382813,"orthographic":false}