{"cameraMode":{"drawMode":0,"name":"Shaded","section":"Shading Mode"},"sceneLighting":true,"audioPlay":false,"sceneViewState":{"showFog":true,"showMaterialUpdate":false,"showSkybox":true,"showFlares":true,"showImageEffects":true,"showParticleSystems":true},"in2DMode":false,"pivot":{"x":15.200212478637696,"y":2.947268009185791,"z":0.3288678526878357},"rotation":{"x":0.17957226932048798,"y":-0.5650140047073364,"z":0.12744615972042085,"w":0.7952688932418823},"size":1.155587911605835,"orthographic":false}