{"cameraMode":{"drawMode":0,"name":"Shaded","section":"Shading Mode"},"sceneLighting":true,"audioPlay":false,"sceneViewState":{"showFog":true,"showMaterialUpdate":false,"showSkybox":true,"showFlares":true,"showImageEffects":true,"showParticleSystems":true},"in2DMode":false,"pivot":{"x":13.18928337097168,"y":3.6199209690093996,"z":-2.3691442012786867},"rotation":{"x":0.11375275999307633,"y":-0.002980523044243455,"z":0.00034125923411920667,"w":0.9935046434402466},"size":6.668776988983154,"orthographic":false}